Telefono,Telecomunicaciones,Turístico,Comercio,EXT
4491938829,1,1,1,
4499115503,1,1,1,
4493244806,1,1,1,
4491965428,1,1,1,
4495541096,1,1,1,
4492598995,1,1,1,
4499853265,1,1,1,
4492330501,1,0,0,18
4951117052,1,1,1,
4494529603,1,1,1,
4493553057,1,1,1,
4495506969,1,1,1,
4492138888,1,1,1,
4492858827,1,1,1,
4493964356,1,1,1,
4492440268,1,1,1,449
4491928939,1,1,1,
4492384545,1,1,1,
4494361763,1,1,1,
4494906255,1,1,1,
4495714943,0,0,1,
4494902428,1,1,1,
4651226121,1,1,1,
4495443552,1,1,1,
4495650640,1,1,1,
4651229471,1,1,1,
4492198200,1,1,1,
4495387948,1,1,1,
4659581190,1,1,1,
4497181994,1,1,1,
4493111585,1,1,1,0
4499749918,1,1,1,
4499991698,1,1,1,
4495263279,1,1,1,
4492152686,1,1,1,
4499112765,1,1,1,
4493872502,1,1,1,
4492680867,1,1,1,
4651005794,1,1,1,
4496062227,1,1,1,52
4651630455,1,1,1,
4497173352,1,1,1,
4493216845,1,1,1,
4498989292,1,1,1,
4499113728,1,1,1,
4498948288,1,1,1,
4498040697,1,1,1,
4499806100,1,1,1,
4494006803,1,1,1,
4659510404,1,1,1,
4492626919,1,1,1,
4492800251,1,1,1,
4499069810,1,1,1,
4493979459,1,1,1,
4498570387,1,1,1,
4951170531,1,1,1,
4496772343,1,1,1,
4499648581,1,1,1,
4497531710,1,1,1,
4494644404,1,1,1,
4494988248,1,1,1,
4494766057,1,1,1,
4491917903,1,1,1,
4492235560,1,1,1,
4495825346,1,1,1,
4492547924,1,0,0,
4493477792,1,1,1,
4495460755,1,1,1,
4492330853,1,1,1,
4494149329,1,1,1,
4493986164,1,1,1,
4499819085,1,1,1,52
4497563269,1,1,1,
4495825320,0,0,1,
4493621101,1,1,1,
4494355459,1,1,1,
4495865456,1,1,1,
4493694748,1,1,1,
4492699859,1,1,1,52
4495288960,1,1,1,960
4492997745,1,1,1,
4492549492,1,1,1,
4495019625,1,1,1,
4493126248,1,1,1,
4497697398,1,1,1,
4493416947,1,1,1,
4493719541,1,1,1,
4495722831,1,1,1,
4491938140,1,1,1,
4493970603,1,1,1,
4499773715,1,1,1,
4495507394,1,1,1,
4493119289,1,0,1,
4495694168,1,1,1,449
4493857943,1,1,1,
4496339165,1,1,1,
4494043143,1,1,1,
4498234969,1,1,1,
4495451059,0,0,1,
4492249654,1,1,1,
4492305524,0,0,1,
4492890575,0,0,1,449
4492616930,0,0,1,
4499288401,1,1,1,
4494157288,1,1,1,
4494530083,1,1,1,
4492771006,1,1,1,
4492048531,1,1,1,449
4492804851,1,1,1,
4492053099,1,1,1,
4495273692,1,1,1,
4494894038,1,1,1,
4493450527,1,0,0,
4492031026,1,1,1,
4494176879,1,1,1,
4492322576,1,1,1,
4498977118,1,1,1,
4497688630,1,1,1,
4495025625,1,0,1,
4495200690,1,1,1,
4492670020,1,1,1,
4494681498,1,1,1,
4492671352,1,1,1,
4494605701,1,1,1,
4493539364,1,1,1,
4495778110,1,1,1,
4497574062,1,1,1,
4497532089,1,1,1,000
4491986343,1,1,1,
4494571260,1,1,1,
4494341392,1,1,1,
4493862080,1,1,1,
4498290752,1,1,1,
4494144709,1,1,1,
4498385412,0,0,1,52
4491866707,1,1,1,
4493668328,1,1,1,
4493460014,1,1,1,
4491841593,0,1,0,
4497182243,1,1,1,52
4959587114,1,1,1,
4498066578,1,1,1,
4493724391,1,1,1,
4659510168,1,1,1,
4499409800,1,1,1,
4498250261,1,0,0,
4499762662,0,0,1,
4495719404,1,1,1,
4494377436,1,1,1,
4651143421,1,1,1,
4492135258,1,1,1,
4495545663,1,1,1,
4951011683,1,1,1,
4498905055,1,1,1,
4499707721,0,0,1,
4491933953,1,1,1,
4492068212,1,1,1,
4499907281,1,1,1,
4491962688,1,1,1,
4493958713,1,1,1,
4494559314,1,1,1,
4494006683,1,1,1,
4493667733,1,1,1,
4495870931,1,1,0,
4492753911,1,1,1,
4495254822,1,1,1,
4494242538,1,1,1,
4499288139,1,1,1,
4493434918,1,1,1,
4951063104,1,1,1,0
4493399469,1,1,1,52
4492313998,1,1,1,
4495919371,1,1,1,
4492782200,1,1,1,
4493523351,1,1,1,
4951327616,1,1,1,
4495019288,1,1,1,52
4494146102,1,1,0,
4651191542,1,1,1,
4493860169,1,1,1,
4493752894,0,0,1,449
4493413899,1,1,1,
4494029846,1,1,1,
4498683025,1,1,1,
4493345303,1,1,1,
4498953640,1,1,1,
4492047219,1,1,1,
4492224049,1,1,1,52
4499650088,1,1,1,1021
4492349595,1,1,1,
4493277824,1,1,1,
4492033440,1,1,1,
4492324387,1,1,1,
4493873334,1,0,0,
4498977619,1,1,1,
4492220482,1,1,1,
4499078672,1,1,1,
4951072409,1,1,1,
4494060909,1,1,1,0
4493662677,1,0,0,
4499994731,1,1,1,
4499464956,1,1,1,
4492328719,1,1,1,
4495546946,1,1,1,
4491858025,1,1,1,
4492334605,1,1,1,
4491925770,0,1,0,044
4492342101,1,0,0,18
4494518437,1,1,1,
4491905349,1,1,1,
4494132950,1,1,1,
4492614994,1,1,1,52
4499280596,1,1,1,
4493571135,1,1,1,
4499820034,1,1,1,
4494383379,1,1,1,
4495765553,1,1,1,
4497776013,1,1,1,
4492886245,1,1,1,
4492918317,1,1,1,
4495856772,1,1,1,
4492624656,1,1,1,
4951092204,1,1,1,
4498040617,1,1,1,
4494269053,1,1,1,52
4494976852,1,0,0,
4494179009,1,1,1,
4495415097,1,1,1,
4492128069,1,1,1,
4492716120,1,1,0,
4495913638,1,1,1,
4492886685,1,1,1,
4491996684,1,1,1,
4492675735,1,1,1,
4492310817,1,1,1,
4499990150,1,1,1,
4493525747,1,1,1,
4492852169,1,1,1,
4493132579,1,1,1,
4491864641,1,1,1,
4494158306,1,1,1,
4492340769,1,1,1,
4499106620,1,1,1,
4951201369,1,1,1,
4494466099,1,1,1,
4493290857,1,1,1,
4492761806,1,1,1,
4492849897,1,1,1,
4495927891,1,1,1,
4495704380,1,1,1,4495704380
4494177218,1,1,1,
4491923266,1,1,1,
4495124023,1,1,1,
4492329451,1,0,0,
4498059631,1,1,1,
4495653608,1,1,1,
4491927984,1,1,1,
4498120195,1,1,1,
4492115232,1,1,1,
4492941341,1,1,1,
4492271963,1,1,1,
4492590505,1,1,1,
4493451784,1,1,1,
4492995141,1,1,1,
4496293998,1,0,0,
4493445370,1,1,1,
4491984493,1,1,1,1984493
4499130796,1,1,1,
4493521702,1,1,1,
4651046596,1,1,1,
4498909924,1,1,1,
4493838585,1,1,1,
4651000016,1,1,1,
4492296496,1,0,1,
4499183180,1,1,1,
4498075243,1,1,1,
4498863467,1,1,1,
4495570301,1,1,1,
4499162907,1,1,1,
4493050485,1,1,1,
4493645188,1,1,1,
4498676314,1,1,1,
4494248815,1,1,1,
4491882643,1,1,1,
4493753354,1,1,1,
4492102416,1,1,1,
4499199909,1,0,0,
4497703245,1,1,1,
4493684939,1,1,1,
4951313861,1,1,1,
4491957916,1,1,1,
4499936843,1,1,1,
4492334659,0,0,1,
4495255738,1,1,1,
4495442508,1,1,1,
4499106700,1,1,1,
4493987532,1,1,1,
4495163410,1,1,1,
4493385167,1,1,1,0
4495532238,1,1,1,
4493477791,1,1,1,
4495520900,1,1,1,
4491988142,1,1,1,
4496354878,1,1,1,
4494336607,1,0,0,
4494913235,1,0,1,
4494141307,1,1,1,52
4495844528,1,1,1,
4495602471,1,1,1,
4497557041,1,1,1,
4492049520,1,1,1,
4492908737,1,1,1,
4495265642,1,1,1,
4498097977,1,1,1,
4498049888,1,1,1,
4493661014,1,1,1,
4492294293,1,1,1,
4493063896,1,0,0,
4494400757,1,1,1,
4492916535,1,1,1,
4491910583,1,1,1,
4492203688,1,1,1,
4496245386,1,1,1,
4493108563,1,1,1,
4495652820,1,1,1,
4495400413,1,1,1,
4494561153,1,1,1,
4498228446,1,1,1,
4497528148,1,1,1,
4491967341,1,1,1,
4493965010,1,1,1,
4491869369,1,1,1,
4492809361,0,1,0,
4499706924,1,1,1,
4492094645,1,1,1,
4493983251,0,1,1,
4491902310,1,1,1,
4651547221,1,1,1,
4498677710,1,1,1,
4492543323,1,1,1,
4492639036,1,1,1,
4494396333,1,1,1,
4491967199,1,1,1,
4492783222,1,1,1,
4491970672,1,1,1,
4494563162,1,1,1,
4493244710,1,1,1,
4493063238,1,1,1,
4492585745,1,1,1,
4493276699,1,1,1,
4495788920,1,1,1,
4491980140,1,1,1,
4496080240,0,0,1,4496080240
4495719268,1,1,1,
4491882373,1,1,1,
4493935424,1,1,1,
4495431314,1,1,1,
4494139189,1,1,1,
4495542233,1,1,1,
4491896101,1,1,1,
4492307583,1,1,1,
4499112536,1,1,1,
4492642214,1,1,1,
4499602072,1,1,1,
4491961989,1,1,1,
4491857493,1,1,1,
4493664156,1,1,1,
4492732743,1,1,1,52
4492543080,1,1,1,
4492837083,1,1,1,
4493848739,1,1,1,
4498074298,1,1,1,
4494334342,1,0,1,
4493966403,1,1,1,
4492319835,1,1,1,
4494269206,1,1,1,
4495842927,1,1,1,
4494645877,1,1,1,
4492137559,1,1,1,
4494021524,1,1,1,
4492053304,1,1,1,
4495803190,1,1,1,
4499110822,1,1,1,
4492313383,1,1,1,449
4499141479,1,1,1,
4492338002,1,0,0,19
4499900288,1,1,1,
4491897166,1,1,1,
4492889222,1,0,1,
4951064420,1,1,1,
4491860237,1,1,1,
4495532093,1,1,1,
4498060095,1,1,1,
4495425513,1,1,1,
4499061900,1,1,1,
4494843816,1,1,1,
4499285656,0,0,1,
4951110922,1,1,1,
4497531098,1,1,1,
4492902517,1,1,1,
4492307715,1,1,1,449
4493721404,1,1,1,52
4497735665,1,1,0,
4492733187,1,1,1,
4493654174,1,1,1,
4951954632,1,1,1,
4492039746,1,1,1,
4492641322,1,1,1,0
4494516237,1,1,1,
4497959400,1,1,1,
4498066427,1,1,1,
4499993283,1,1,1,
4494401088,1,1,1,
4496054828,1,1,1,
4492801322,1,1,1,
4494564370,1,1,1,
4495796923,1,1,1,
4651056036,1,1,1,
4493989267,1,1,1,
4493659009,1,1,1,
4493215383,1,1,1,
4493738016,1,1,1,
4492054212,1,1,1,
4499794359,1,1,1,
4493345801,1,1,1,449
4494481916,1,1,1,
4493129611,1,1,1,
4492544506,1,1,1,
4498064475,1,1,1,
4492548113,1,1,1,
4492605727,1,0,0,1
4495417763,1,1,1,
4493576417,1,1,1,
4492325557,1,1,1,
4499853584,1,1,1,
4493595908,1,1,1,52
4494977356,1,1,1,
4491899000,1,1,1,
4494013845,1,1,1,
4493261326,1,1,1,
4494417446,0,0,1,
4495881226,1,0,0,
4492252683,1,1,1,
4499300230,1,1,1,
4492894332,1,1,1,
4499998620,1,0,0,
4493842094,1,1,1,
4493534185,1,1,1,
4496291752,1,1,1,
4492042810,1,1,1,1
4495450156,1,1,1,
4492655233,0,0,1,
4491989713,1,1,1,
4492568775,1,1,1,
4494339254,1,1,1,
4498043650,1,1,1,
4495686098,1,1,1,
4499685066,1,1,1,
4494484311,1,1,1,
4492445605,1,1,1,
4493908255,1,1,1,
4491988807,1,1,1,
4495681467,1,1,1,
4493487576,1,1,1,
4498940362,1,1,1,
4496080684,1,1,1,
4498079981,1,1,1,
4492595064,1,1,1,
4499189974,1,1,1,
4499182109,1,0,1,
4493597152,1,1,1,
4492779308,1,0,1,
4493059792,1,0,0,
4492383364,1,0,1,
4494915073,1,1,1,
4493559273,1,1,1,
4493550713,1,1,1,
4493091418,1,1,1,
4492469093,1,1,1,
4498438112,1,1,1,4498438112
4498470442,1,0,0,
4493946857,1,1,1,
4959586965,1,1,1,
4494964936,1,1,1,
4495557620,1,1,1,
4493708603,1,1,1,
4492650758,1,1,1,
4495482957,1,1,1,
4493801082,1,1,1,
4498461450,1,1,1,
4651251553,1,1,1,
4493578763,1,1,1,
4498248201,1,1,1,
4493577800,1,0,0,
4492575732,1,1,1,
4493016710,1,1,1,
4498943371,1,1,1,
4498958676,1,1,1,
4494380400,1,1,1,
4492542064,1,1,1,
4498867396,1,1,1,
4492242574,1,0,0,
4497698746,1,1,1,
4496299387,1,1,1,
4492459618,1,1,1,
4493415440,1,1,1,
4495772427,1,1,1,
4496055826,1,1,1,
4492196936,1,1,1,
4499770516,1,1,1,
4499635360,1,1,1,
4498987281,1,1,1,
4495365679,1,1,1,
4651153914,1,1,1,
4493535201,1,1,1,
4951059078,1,1,1,
4498059099,1,1,1,
4498079732,1,1,1,
4491865469,1,1,1,
4499865501,1,1,1,
4492685215,1,1,1,
4496609569,1,1,1,
4495484640,1,1,1,
4492801416,1,1,1,
4495277212,1,1,1,4495277212
4492382283,1,1,1,
4494578709,1,1,1,
4498131754,1,1,1,
4651001922,1,1,1,52
4494147395,1,0,1,
4495018827,1,1,1,
4492019305,1,1,1,
4495573583,1,1,1,
4495415877,1,1,1,
4493722398,0,1,1,52
4492120502,1,1,1,
4492330171,1,1,1,
4493371051,1,1,1,52
4494712619,1,1,1,
4492279653,1,1,1,
4494375459,1,1,1,
4494644716,1,1,1,
4495651797,1,1,1,
4495483019,1,1,1,
4491965057,1,1,1,
4492395142,1,1,1,
4498411021,1,1,1,
4495104713,0,0,1,52
4491986291,1,1,1,
4495212286,1,1,1,
4493496725,1,1,1,
4492326502,1,0,1,0
4492039899,1,1,1,
4492983106,1,1,1,
4499161664,1,1,1,
4494178207,1,1,1,
4497787155,1,1,1,
4951011800,1,1,1,
4496332710,1,1,1,
4651184889,1,1,1,52
4493757838,1,1,1,
4492830800,1,1,1,
4495770988,1,1,1,
4499114956,1,1,1,
4495269705,1,1,1,1
4493972836,1,1,0,
4492682982,1,1,1,
4495693040,1,1,1,
4493682632,1,1,1,
4493680319,1,1,1,
4492314920,1,1,1,52
4493906676,1,1,1,
4498064648,1,1,1,
4492175412,1,1,1,
4495798849,1,1,1,
4492171492,1,1,1,
4498982509,1,1,1,
4651262877,1,1,1,
4493121205,1,1,1,
4495844900,1,1,1,
4495827012,1,1,1,
4492845821,1,1,1,
4494291584,1,0,0,52
4493059431,1,1,1,
4492548513,1,1,1,
4497174103,0,0,1,110
4492677426,1,1,1,
4959580667,1,1,1,
4493719973,1,1,1,
4493588080,1,1,1,
4495774346,1,1,1,
4494765384,1,1,1,
4494259717,1,1,1,
4494483219,1,1,1,
4494144855,1,1,1,
4493684636,1,1,0,
4493757873,0,0,1,
4959581383,1,1,1,
4497715317,1,1,1,
4497090015,1,1,1,
4492847569,1,1,1,
4493419727,1,1,1,
4494489765,1,1,1,
4651091496,1,1,1,
4493731691,1,1,1,
4493713672,1,1,1,1
4498952618,1,1,1,
4498862883,1,1,1,
4492099577,1,1,1,
4498042438,1,1,1,
4492063931,1,1,1,52
4492291813,1,1,1,
4494174371,1,1,1,
4498042664,1,1,1,
4491975494,1,1,1,
4495669673,1,1,1,
4951028293,1,1,1,
4492943071,1,1,1,
4492831352,1,1,1,
4498040494,1,1,1,
4493457474,1,1,1,
4497545880,1,1,1,
4493483506,1,1,1,
4493267027,1,1,1,
4493378360,1,1,1,
4493729921,0,0,1,
4493859567,1,1,1,
4495546509,1,1,1,089
4499083606,1,1,1,
4492186139,1,0,0,
4495529729,1,0,1,
4493920578,1,1,1,
4492175839,1,1,1,
4493592093,1,1,1,
4497520131,1,1,1,
4494698258,1,1,1,
4495859060,1,1,1,
4493735820,1,1,1,
4492345105,1,1,1,
4493235678,0,0,1,
4493963882,1,1,1,
4495944111,1,1,1,
4492249036,1,1,1,
4494391453,1,1,1,
4491901197,1,1,1,
4492858050,1,1,1,
4494939735,1,1,1,
4492567594,1,1,1,
4498061120,1,1,1,
4492014617,1,1,1,
4497273345,1,0,0,
4492868239,1,1,1,
4492915278,1,1,1,
4494389114,1,1,1,
4492648929,1,1,1,
4498989581,1,1,1,
4497777746,1,1,1,
4493396142,1,1,1,
4495135214,1,1,1,
4651063107,1,1,1,
4493864135,0,0,1,
4493495018,1,1,1,
4499909040,1,1,1,
4491918969,1,1,1,
4493370555,1,1,1,449
4494940269,1,1,1,
4495876464,1,1,1,
4492940405,1,1,0,52
4498063771,1,1,1,
4494613343,1,1,1,
4492014116,1,1,1,
4495682240,1,1,1,
4492317520,1,1,1,
4494488955,1,1,1,
4495117923,1,1,1,
4495490990,1,1,1,
4493454003,1,1,1,
4493428648,1,1,1,52
4651024916,1,1,1,52
4491967724,0,0,1,
4495818906,1,1,1,4495818906
4494994232,1,1,1,
4491900902,1,1,1,
4492288350,1,1,1,
4492648483,1,1,1,
4498073590,1,1,1,
4951111410,1,1,1,
4493108575,1,1,1,
4493688197,1,1,1,
4495906501,1,1,1,
4492833626,1,1,1,
4494396572,1,1,1,
4494019976,1,1,1,
4493525798,1,1,1,
4493468756,1,1,1,
4493710316,1,1,1,
4493538075,1,1,1,
4492845840,1,1,1,52
4499508326,1,1,1,
4491925579,1,1,1,0
4499967132,1,1,1,
4496593402,1,1,1,
4493246338,1,1,1,
4495403095,1,1,1,
4491849935,1,1,1,
4493717379,1,1,1,
4492642924,1,1,1,
4492626029,1,1,1,
4495446501,1,1,1,
4651253114,1,1,1,
4494338113,1,1,1,
4492068570,1,1,1,
4491891506,1,1,1,
4493377971,1,1,1,
4493469377,1,1,1,
4499409615,1,1,1,
4493695056,1,1,1,
4493725278,1,1,1,
4499715352,1,1,1,
4499146777,1,1,1,
4492113929,1,1,1,
4495497216,1,1,1,
4492047386,1,0,0,
4492515018,1,1,1,
4492130585,1,1,1,
4492883383,1,1,1,
4494139249,1,1,1,
4493727901,1,1,1,
4492739626,1,1,1,
4495832725,1,0,0,
4493902078,1,1,1,
4491937071,1,1,1,
4493963881,1,1,1,
4499646306,1,1,1,
4493528549,1,1,1,
4491910962,1,1,1,
4496598657,1,1,1,
4492327308,1,1,1,
4493894514,1,1,1,
4497690471,1,1,1,
4498044839,1,1,1,
4492339634,1,1,1,
4492680139,1,1,1,
4651093255,1,1,1,
4492536183,0,1,1,52
4499998121,1,1,1,
4495163835,1,1,1,449
4492533807,1,1,1,
4495413470,1,1,1,
4959584245,1,1,1,
4496370373,0,0,1,
4495718474,1,1,1,
4499196577,1,1,1,
4491910957,1,1,1,
4492861249,1,1,1,
4493120987,1,0,0,52
4498670676,1,1,1,
4491934920,1,1,1,
4493273175,1,1,1,
4493521359,1,1,1,
4492832893,1,1,1,
4499048163,1,1,1,
4494902365,1,1,1,
4491862946,1,1,1,
4492877232,1,1,1,
4491854723,1,1,1,
4494122734,0,0,1,
4498132923,1,1,1,
4492991120,1,1,1,
4493876495,1,1,1,
4499183437,1,1,1,
4959580763,1,1,1,
4497230018,1,1,1,
4493682334,1,1,1,
4493688184,1,1,1,
4492648195,1,1,1,
4499304411,1,1,1,52
4494338261,1,1,1,
4494988629,1,1,1,
4494264269,1,1,1,
4495715779,1,1,1,
4499711147,1,1,1,
4491901951,1,1,1,
4492036561,1,1,1,
4495521313,1,1,1,
4499119798,1,1,1,
4499901070,1,1,1,
4494240464,1,1,1,
4495085316,1,1,1,
4497088305,1,1,1,
4494809610,1,0,0,
4495770827,1,1,1,
4494598677,1,1,1,
4499143566,1,1,1,
4492501658,1,1,1,
4493930550,1,1,1,
4491954851,1,1,1,
4494392119,1,1,1,
4493563769,1,1,1,
4493867208,1,0,0,
4494561962,1,1,1,
4495772201,1,0,0,
4492142629,1,1,1,
4951091194,1,1,1,
4493559161,0,1,0,
4492335371,1,1,1,
4493493068,1,1,1,
4493293055,1,1,1,
4493527630,1,1,1,
4493861596,1,1,1,
4494016861,1,1,1,
4951018236,1,1,1,
4492050107,1,1,1,
4492558716,0,1,0,
4497698270,1,1,1,
4492157490,1,1,1,
4951025663,1,0,0,
4491951467,1,1,1,
4651551654,1,0,0,
4499840926,0,0,1,
4494696425,1,1,1,
4492688819,1,1,1,
4494010567,0,1,0,52
4492763010,1,1,1,
4499761761,0,0,1,
4493987531,1,1,1,
4493564144,1,1,1,
4494696731,1,1,1,
4498132299,1,1,1,
4498909636,1,1,1,
4498787621,1,1,1,
4498106899,1,1,1,
4495607699,1,1,1,4495607699
4498675525,1,1,1,
4498073499,1,1,1,
4493132585,1,1,1,
4494606881,1,1,1,
4498224162,1,1,1,
4493864616,1,1,1,
4651546923,1,1,1,
4493247931,1,1,1,
4495257164,1,1,1,
4499169771,1,1,1,
4492467922,0,0,1,
4491867922,1,1,1,
4494665463,1,0,0,044
4491899266,0,0,1,
4493368396,1,1,1,
4491891750,1,1,1,
4499180233,0,0,1,
4492038636,1,1,1,
4494550496,1,1,1,
4493279418,1,1,1,
4493565448,0,0,1,
4493694708,1,1,1,52
4494790419,1,1,1,
4493233840,1,1,1,
4951214160,1,1,1,
4492235720,1,1,1,
4495840854,1,1,1,
4492569172,1,1,1,
4494669710,1,1,1,
4494140933,1,1,1,
4651507004,1,1,1,465
4493629681,1,1,1,
4492322101,1,1,0,
4495873190,1,1,1,
4492620676,1,1,1,
4495458655,1,1,1,
4494065150,1,1,1,
4493280024,1,1,1,
4494566388,1,1,1,
4492200801,1,1,1,
4495260419,1,0,0,
4951028325,1,1,1,52
4491848322,1,1,1,
4493065133,1,1,1,
4492699077,1,1,1,
4494816528,1,1,1,
4651172110,1,1,1,52
4492613063,1,1,1,4492613063
4492641097,1,1,1,
4494010628,1,1,1,
4498079629,1,1,1,
4496598576,1,1,1,
4493759989,1,1,1,4493759989
4494370364,1,1,1,
4497172366,1,1,1,
4651004778,1,0,0,4778
4659510732,1,1,1,
4499789290,1,1,1,
4495665330,1,1,1,
4495783677,1,1,1,
4495018706,1,0,0,
4499996256,1,0,0,
4492231792,1,1,1,
4495918291,1,1,1,
4493571684,1,1,1,
4494192325,1,1,1,
4493738370,1,1,1,52
4968513929,1,1,1,052
4491899309,1,1,1,
4495686459,1,1,1,
4951206470,1,1,1,
4493378312,1,1,1,
4499739235,1,1,1,
4492768251,1,1,1,
4651161786,1,1,1,
4492115361,1,1,1,
4498673309,1,1,1,
4495406280,1,1,1,
4495768016,1,1,1,
4492652609,1,1,1,
4492096038,0,0,1,
4494917557,1,0,0,
4492980324,1,0,0,
4493570987,1,1,1,
4492605816,1,1,1,
4493382801,1,1,1,
4492667792,1,1,1,
4498751850,1,1,1,
4492791407,1,0,0,
4491973927,1,1,1,